SECTION,SUB-SECTION,FIELD,CURRENT CONTENT,YOUR REPLACEMENT
GLOBAL,Page Meta,Browser tab title,AiGENTiA — Intelligent Agency,
GLOBAL,Page Meta,Meta description,AiGENTiA — Intelligent Agency. AI Management Agency specialising in agent design; deployment and governance.,
GLOBAL,Brand,Brand name,AiGENTiA,
GLOBAL,Brand,Tagline,INTELLIGENT AGENCY,
GLOBAL,Brand,Alt text (mark images),(empty — decorative),
,,,,
SIDEBAR,Social Links,YouTube URL,https://youtube.com/@aigentia,
SIDEBAR,Social Links,TikTok URL,https://tiktok.com/@aigentia,
SIDEBAR,Social Links,LinkedIn URL,https://linkedin.com/company/aigentia,
SIDEBAR,Social Links,Instagram URL,https://instagram.com/aigentia.official,
,,,,
SIDEBAR,Navigation,Item 1 label,About AiGENTiA,
SIDEBAR,Navigation,Item 2 label,AI Management,
SIDEBAR,Navigation,Item 3 label,AI Advisory,
SIDEBAR,Navigation,Item 4 label,AI Finance,
SIDEBAR,Navigation,Item 5 label,AI Readiness,
SIDEBAR,Navigation,Item 6 label,Tokenization,
SIDEBAR,Navigation,Item 7 label,Finance Assessment,
SIDEBAR,Navigation,Item 8 label,Ai Management Academy,
SIDEBAR,Navigation,Item 9 label,Events,
SIDEBAR,Navigation,Item 10 label,Calendar,
SIDEBAR,Navigation,Item 11 label,Contact,
,,,,
HERO,Starter Buttons,Button 1,SHOW ME YOUR AI IMPLEMENTATION PROCESS,
HERO,Starter Buttons,Button 2,WHO IS BEHIND AIGENTIA?,
HERO,Starter Buttons,Button 3,WHAT IS AN AI AGENT?,
HERO,Starter Buttons,Button 4,BEGIN THE AI READINESS ASSESSMENT,
HERO,Chat input,Placeholder text,Ask anything about AI agents; governance; or AiGENTiA…,
,,,,
CONTENT — ABOUT,About AiGENTiA,Title,About AiGENTiA,
CONTENT — ABOUT,About AiGENTiA,Body — paragraph 1,"AiGENTiA is an AI Management Agency. We work with organisations navigating the transition from AI experimentation to AI operation — designing, deploying, and governing the autonomous systems that will define how work gets done.",
CONTENT — ABOUT,About AiGENTiA,Body — paragraph 2,"The shift to agent-based AI is not primarily a technology problem. It is a governance problem, an organisational problem, and a human problem. Most AI consultancies approach it as the former. We address all three.",
CONTENT — ABOUT,About AiGENTiA,Body — methodology line,Our practice spans five phases: Assess → Design → Deploy → Manage → Govern.,
CONTENT — ABOUT,About AiGENTiA,Body — founder line,"Founded by M. Cenan Demirel — a practitioner whose background spans economic and organisational sociology, AI safety at a frontier AI laboratory, Wharton AI Strategy and Governance certification, and multiple AI advisory and product management roles.",
CONTENT — ABOUT,About AiGENTiA,Body — location line,Based in Germany with international engagements.,
,,,,
CONTENT — WELCOME,Welcome (first response),Title,Welcome,
CONTENT — WELCOME,Welcome (first response),Body — paragraph 1,"AiGENTiA is an AI Management Agency. We work with organisations navigating the transition from AI experimentation to AI operation — designing, deploying, and governing the autonomous systems that will define how work gets done.",
CONTENT — WELCOME,Welcome (first response),Body — paragraph 2,"The shift to agent-based AI is not primarily a technology problem. It is a governance problem, an organisational problem, and a human problem. Most AI consultancies approach it as the former. We address all three.",
CONTENT — WELCOME,Welcome (first response),Body — methodology line,Our practice spans five phases: Assess → Design → Deploy → Manage → Govern.,
CONTENT — WELCOME,Welcome (first response),Body — closing question,What would you like to explore?,
,,,,
CONTENT — PHILOSOPHY,Our Philosophy,Title,Our Philosophy,
CONTENT — PHILOSOPHY,Our Philosophy,Principle 1 heading,Governance First.,
CONTENT — PHILOSOPHY,Our Philosophy,Principle 1 body,"Every service we deliver has governance built in from the outset — not added as a compliance afterthought. This is non-negotiable.",
CONTENT — PHILOSOPHY,Our Philosophy,Principle 2 heading,Methodology Over Enthusiasm.,
CONTENT — PHILOSOPHY,Our Philosophy,Principle 2 body,"We do not chase hype. The Assess→Design→Deploy→Manage→Govern framework exists because sequencing matters and mistakes are expensive.",
CONTENT — PHILOSOPHY,Our Philosophy,Principle 3 heading,Interdisciplinary Rigour.,
CONTENT — PHILOSOPHY,Our Philosophy,Principle 3 body,"Our work draws on economic sociology, AI safety research, strategic advisory and executive coaching — because agent adoption is a human system challenge, not just a technical one.",
CONTENT — PHILOSOPHY,Our Philosophy,Principle 4 heading,Continuous Intelligence.,
CONTENT — PHILOSOPHY,Our Philosophy,Principle 4 body,"We do not deliver a strategy and disappear. Our Advisory practice provides ongoing intelligence on the forces that will invalidate strategies built on outdated assumptions.",
CONTENT — PHILOSOPHY,Our Philosophy,Principle 5 heading,Vendor Independence.,
CONTENT — PHILOSOPHY,Our Philosophy,Principle 5 body,"AiGENTiA has no commercial relationship with any AI model provider, platform vendor or tool company. Our recommendations are based solely on client fit.",
,,,,
CONTENT — WHO IS BEHIND,Founder / Team,Title,Who Is Behind AiGENTiA,
CONTENT — WHO IS BEHIND,Founder / Team,Founder name,M. Cenan Demirel,
CONTENT — WHO IS BEHIND,Founder / Team,Background summary,"a practitioner whose background spans economic and organisational sociology, AI safety and prompt analysis at a frontier AI laboratory, Wharton AI Strategy and Governance certification, ICF Level 1 Coaching with neuroscience specialisation, and multiple AI advisory and product management roles.",
CONTENT — WHO IS BEHIND,Founder / Team,Mission statement,"The firm was built on the conviction that the organisations that will thrive in the agent economy are not those that adopt AI fastest, but those that govern it best — and that governance capacity must be built deliberately, not assumed.",
CONTENT — WHO IS BEHIND,Founder / Team,Credential 1,PhD Candidacy — Economic & Organisational Sociology,
CONTENT — WHO IS BEHIND,Founder / Team,Credential 2,ICF Level 1 Coaching · Neuroscience Specialisation,
CONTENT — WHO IS BEHIND,Founder / Team,Credential 3,AI Safety & Prompt Analysis — Frontier AI Laboratory,
CONTENT — WHO IS BEHIND,Founder / Team,Credential 4,Wharton AI Strategy & Governance Certification,
CONTENT — WHO IS BEHIND,Founder / Team,Location,Based in Germany with international engagements.,
CONTENT — WHO IS BEHIND,Founder / Team,Name meaning explanation,"AiGENTiA breaks down as Ai · GENT · iA — AI, gentes (people), and intelligent agency. The Latin tagline Agens Intelligens translates as Intelligent Agency — a system that acts with intelligence, on behalf of people. This is not a coincidence. It is a commitment.",
,,,,
CONTENT — PORTFOLIO,Services,Title,Agency Portfolio,
CONTENT — PORTFOLIO,Services,Intro paragraph,"AiGENTiA offers eleven integrated services spanning the complete arc of AI adoption — from initial readiness assessment to ongoing governance. Each service is designed to be deployed independently or as part of a full transformation programme.",
CONTENT — PORTFOLIO,Services,ASSESS — service 1,AI Readiness Audit — structured diagnostic across people; process; data and technology,
CONTENT — PORTFOLIO,Services,DESIGN — service 2,Agent Architecture & Design — blueprint multi-agent systems aligned to business goals,
CONTENT — PORTFOLIO,Services,DESIGN — service 3,Agent Workflow Mapping — define what each agent does; in what sequence; with what data,
CONTENT — PORTFOLIO,Services,DEPLOY — service 4,Agent Implementation — build; test; integrate and deploy AI agents,
CONTENT — PORTFOLIO,Services,DEPLOY — service 5,AI Marketing & Campaign Agents — autonomous agents for campaigns; content and optimisation,
CONTENT — PORTFOLIO,Services,MANAGE — service 6,AI Training & Change Management — prepare your people for an agent-augmented organisation,
CONTENT — PORTFOLIO,Services,MANAGE — service 7,Agent Performance Management — continuous monitoring of accuracy; cost and compliance,
CONTENT — PORTFOLIO,Services,GOVERN — service 8,AI Governance & Safety — policy design; control frameworks and risk registers,
CONTENT — PORTFOLIO,Services,GOVERN — service 9,AI Brand & Communication Strategy — shaping the narrative for customers; staff and regulators,
CONTENT — PORTFOLIO,Services,GOVERN — service 10,AI Governance Retainer — ongoing advisory on governance and regulatory changes,
CONTENT — PORTFOLIO,Services,Closing statement,"Every service AiGENTiA delivers has governance built in — not added afterwards. This is the foundational distinction between AI adoption and AI operation.",
,,,,
CONTENT — HOW WE WORK,Methodology,Title,How AiGENTiA Works,
CONTENT — HOW WE WORK,Methodology,Intro,"Every AiGENTiA engagement follows a disciplined five-phase methodology. The sequence is not rigid — phases may overlap or be revisited — but the logic is invariable: you cannot govern what you have not assessed, and you cannot deploy what you have not designed.",
CONTENT — HOW WE WORK,Methodology,Phase 01 name,ASSESS,
CONTENT — HOW WE WORK,Methodology,Phase 01 description,"Understanding before action. We map your organisation's readiness across people, process, data, technology and governance. No assumptions. No vendor agenda. Honest diagnosis.",
CONTENT — HOW WE WORK,Methodology,Phase 02 name,DESIGN,
CONTENT — HOW WE WORK,Methodology,Phase 02 description,"Architecture before code. We blueprint agent systems, workflow logic, AOS requirements and human oversight structures. The design phase prevents the most expensive mistakes.",
CONTENT — HOW WE WORK,Methodology,Phase 03 name,DEPLOY,
CONTENT — HOW WE WORK,Methodology,Phase 03 description,"Controlled implementation. Agents are built, tested and deployed against the approved design. Integration, QA and safety testing are mandatory steps, not optional extras.",
CONTENT — HOW WE WORK,Methodology,Phase 04 name,MANAGE,
CONTENT — HOW WE WORK,Methodology,Phase 04 description,"Operations and optimisation. Deployed agents require active management — performance monitoring, model updates, cost control and continuous alignment with business objectives.",
CONTENT — HOW WE WORK,Methodology,Phase 05 name,GOVERN,
CONTENT — HOW WE WORK,Methodology,Phase 05 description,"Governance is not a phase — it is a permanent condition. We establish the policies, controls and structures that keep agents operating within mandate.",
CONTENT — HOW WE WORK,Methodology,Closing statement,"The methodology exists because the failure modes of AI adoption are well-documented: organisations deploy before they design, operate without governing, and scale before they understand. We reverse that sequence.",
,,,,
CONTENT — AI MANAGEMENT,AI Management,Title,AI Management,
CONTENT — AI MANAGEMENT,AI Management,Intro,"AI Management is the practice of deploying, operating and governing AI agents as live organisational assets — not as pilots, experiments, or innovation projects.",
CONTENT — AI MANAGEMENT,AI Management,Service 1 heading,Agent Performance Management,
CONTENT — AI MANAGEMENT,AI Management,Service 1 body,"Continuous monitoring of agent accuracy, cost efficiency and compliance posture. Agents drift — their behaviour diverges from intent without active management.",
CONTENT — AI MANAGEMENT,AI Management,Service 2 heading,Agent Operating System Operations,
CONTENT — AI MANAGEMENT,AI Management,Service 2 body,"Orchestration, permissions, audit logging and resource management for deployed multi-agent systems. The governance infrastructure that makes agents safe to operate at scale.",
CONTENT — AI MANAGEMENT,AI Management,Service 3 heading,Cost and Token Management,
CONTENT — AI MANAGEMENT,AI Management,Service 3 body,"Per-agent API budgets, token optimisation, model routing and cost monitoring. Unmanaged token consumption becomes a material financial risk at scale.",
CONTENT — AI MANAGEMENT,AI Management,Service 4 heading,Compliance and Audit,
CONTENT — AI MANAGEMENT,AI Management,Service 4 body,"Continuous alignment with EU AI Act requirements, GDPR obligations and sector-specific regulations. Audit trails and compliance evidence maintained as standard.",
CONTENT — AI MANAGEMENT,AI Management,Service 5 heading,Incident Management,
CONTENT — AI MANAGEMENT,AI Management,Service 5 body,"Defined protocols for agent failures, unexpected outputs, escalations and remediation. Because agents will behave unexpectedly — the question is whether you are prepared.",
CONTENT — AI MANAGEMENT,AI Management,Closing statement,Every AiGENTiA management engagement includes governance as a built-in function; not an afterthought.,
,,,,
CONTENT — AI ADVISORY,AI Advisory,Title,AI Advisory,
CONTENT — AI ADVISORY,AI Advisory,Intro,"AI strategy requires continuous intelligence. The competitive, regulatory and technical landscape changes faster than annual planning cycles. AiGENTiA's Advisory practice provides structured, ongoing intelligence on the forces shaping the agent economy.",
CONTENT — AI ADVISORY,AI Advisory,Service 1 heading,Geopolitical Intelligence Reports,
CONTENT — AI ADVISORY,AI Advisory,Service 1 body,"Monthly briefings on AI-relevant geopolitical developments: chip export controls, bilateral agreements, sanctions, national AI policies and their direct implications for enterprise AI procurement, deployment and compliance.",
CONTENT — AI ADVISORY,AI Advisory,Service 2 heading,Hardware & Compute Bottleneck Analysis,
CONTENT — AI ADVISORY,AI Advisory,Service 2 body,"Quarterly analysis of GPU availability, cloud capacity constraints, emerging silicon alternatives and the implications for your infrastructure roadmap. Includes procurement timing recommendations.",
CONTENT — AI ADVISORY,AI Advisory,Service 3 heading,Energy & Sustainability Advisory,
CONTENT — AI ADVISORY,AI Advisory,Service 3 body,"Assessment of your AI energy footprint, alignment with CSRD and ESG reporting requirements, and strategic options for sustainable AI infrastructure.",
CONTENT — AI ADVISORY,AI Advisory,Service 4 heading,Regulatory Compliance Intelligence,
CONTENT — AI ADVISORY,AI Advisory,Service 4 body,"Continuous tracking of EU AI Act implementation, GDPR intersection with AI data practices, and sector-specific regulations with their compliance implications.",
CONTENT — AI ADVISORY,AI Advisory,Service 5 heading,New Player & Model Landscape Tracker,
CONTENT — AI ADVISORY,AI Advisory,Service 5 body,"Bi-monthly assessment of significant new AI models and agentic frameworks. Includes capability benchmarks, cost comparisons and strategic recommendations for model portfolio management.",
CONTENT — AI ADVISORY,AI Advisory,Service 6 heading,Competitive Intelligence,
CONTENT — AI ADVISORY,AI Advisory,Service 6 body,"Sector-specific analysis of how your competitive landscape is adopting AI — capability gaps, automation opportunities and differentiation strategies.",
CONTENT — AI ADVISORY,AI Advisory,Delivery description,"Delivered as a monthly or quarterly retainer, including a standing briefing document, executive summary, and on-call access to AiGENTiA advisors.",
,,,,
CONTENT — GOVERNANCE,AI Governance & Safety,Title,AI Governance & Safety,
CONTENT — GOVERNANCE,AI Governance & Safety,Opening statement,Governance is not a phase — it is a permanent condition.,
CONTENT — GOVERNANCE,AI Governance & Safety,Service 1 heading,AI Governance & Safety,
CONTENT — GOVERNANCE,AI Governance & Safety,Service 1 body,"Policy design, control frameworks, risk registers and oversight protocols for AI systems. Aligned to EU AI Act, ISO 42001 and organisational risk appetite.",
CONTENT — GOVERNANCE,AI Governance & Safety,Service 2 heading,AI Brand & Communication Strategy,
CONTENT — GOVERNANCE,AI Governance & Safety,Service 2 body,"How you communicate about AI to customers, staff and regulators defines your market position. We shape the narrative, tone and disclosure framework — ensuring your AI communications are accurate, compliant and strategically positioned.",
CONTENT — GOVERNANCE,AI Governance & Safety,Service 3 heading,AI Governance Retainer,
CONTENT — GOVERNANCE,AI Governance & Safety,Service 3 body,"Ongoing advisory on governance, policy updates and regulatory changes. Monthly briefings, policy reviews and on-call access to AiGENTiA advisors.",
CONTENT — GOVERNANCE,AI Governance & Safety,Dimension 1,EU AI Act compliance and tiered risk classification,
CONTENT — GOVERNANCE,AI Governance & Safety,Dimension 2,ISO 42001 AI Management System alignment,
CONTENT — GOVERNANCE,AI Governance & Safety,Dimension 3,GDPR intersection with AI data processing,
CONTENT — GOVERNANCE,AI Governance & Safety,Dimension 4,Board-level AI risk reporting frameworks,
CONTENT — GOVERNANCE,AI Governance & Safety,Dimension 5,Agent audit trails and accountability structures,
CONTENT — GOVERNANCE,AI Governance & Safety,Dimension 6,Human oversight and escalation protocols,
CONTENT — GOVERNANCE,AI Governance & Safety,Dimension 7,AI communication and disclosure standards,
,,,,
CONTENT — ARCHITECTURE,Agent Architecture,Title,Agent Architecture & Design,
CONTENT — ARCHITECTURE,Agent Architecture,Opening statement,Architecture before code. The design phase is where the most expensive mistakes are either made or avoided.,
CONTENT — ARCHITECTURE,Agent Architecture,Service 1 heading,Agent Architecture & Design,
CONTENT — ARCHITECTURE,Agent Architecture,Service 1 intro,We blueprint multi-agent systems aligned to business goals before a line of code is written. This includes:,
CONTENT — ARCHITECTURE,Agent Architecture,Component 1,Agent topology — which agents; how many; in what configuration,
CONTENT — ARCHITECTURE,Agent Architecture,Component 2,Tool integrations — which external APIs; databases and systems each agent connects to,
CONTENT — ARCHITECTURE,Agent Architecture,Component 3,Memory structures — short-term context within conversations; long-term context across deployments,
CONTENT — ARCHITECTURE,Agent Architecture,Component 4,Escalation pathways — when and how agents hand off to humans or other agents,
CONTENT — ARCHITECTURE,Agent Architecture,Component 5,AOS requirements — the governance infrastructure required to operate the system safely,
CONTENT — ARCHITECTURE,Agent Architecture,Service 2 heading,Agent Workflow Mapping,
CONTENT — ARCHITECTURE,Agent Architecture,Service 2 body,"We define what each agent does, in what sequence, with what data, under what conditions, and with which human checkpoints.",
,,,,
CONTENT — AI READINESS PAGE,AI Readiness (info page),Title,AI Readiness Assessment,
CONTENT — AI READINESS PAGE,AI Readiness (info page),Intro,"Before any organisation invests in AI agents, it must understand where it actually stands — not where it hopes it stands.",
CONTENT — AI READINESS PAGE,AI Readiness (info page),Description,"The AiGENTiA AI Readiness Assessment is a structured diagnostic that maps current capability across four dimensions, identifies critical gaps, and produces a prioritised action plan.",
CONTENT — AI READINESS PAGE,AI Readiness (info page),Dimension 1,"People & Culture — AI literacy, change readiness, leadership alignment, skills gaps",
CONTENT — AI READINESS PAGE,AI Readiness (info page),Dimension 2,"Process & Data — data quality, accessibility, governance maturity, integration architecture",
CONTENT — AI READINESS PAGE,AI Readiness (info page),Dimension 3,"Technology & Infrastructure — stack compatibility, API availability, cloud architecture, AOS readiness",
CONTENT — AI READINESS PAGE,AI Readiness (info page),Dimension 4,"Governance & Risk — existing AI policies, regulatory exposure, compliance obligations",
CONTENT — AI READINESS PAGE,AI Readiness (info page),Deliverable 1,AI Maturity Score across all four dimensions with benchmark comparison,
CONTENT — AI READINESS PAGE,AI Readiness (info page),Deliverable 2,Prioritised gap analysis with effort/impact mapping,
CONTENT — AI READINESS PAGE,AI Readiness (info page),Deliverable 3,90-day quick-win action plan and 12-month transformation roadmap,
CONTENT — AI READINESS PAGE,AI Readiness (info page),Deliverable 4,Executive briefing and board-ready risk summary,
CONTENT — AI READINESS PAGE,AI Readiness (info page),Deliverable 5,Technology vendor shortlist aligned to your architecture and budget,
CONTENT — AI READINESS PAGE,AI Readiness (info page),Delivery timeline,Delivered over 3–6 weeks through structured interviews; process walkthroughs and technical reviews.,
CONTENT — AI READINESS PAGE,AI Readiness (info page),Closing CTA,Take the quick assessment below to receive your immediate readiness profile.,
,,,,
CONTENT — AI FINANCE PAGE,AI Finance (info page),Title,AI Transformation Finance,
CONTENT — AI FINANCE PAGE,AI Finance (info page),Intro,"AI transformation is a significant capital commitment. Infrastructure, talent, tooling, integration, governance and ongoing management each carry costs that are frequently underestimated.",
CONTENT — AI FINANCE PAGE,AI Finance (info page),TCAO item 1,"Initial Deployment — architecture, development, integration, testing and launch",
CONTENT — AI FINANCE PAGE,AI Finance (info page),TCAO item 2,Model API Costs — per-token costs for commercial models; scaling with agent usage volume,
CONTENT — AI FINANCE PAGE,AI Finance (info page),TCAO item 3,"Infrastructure — compute, storage, monitoring tools and AOS platform",
CONTENT — AI FINANCE PAGE,AI Finance (info page),TCAO item 4,"Human Oversight — ongoing cost of human reviewers, escalation handlers and governance functions",
CONTENT — AI FINANCE PAGE,AI Finance (info page),TCAO item 5,"Maintenance & Updates — model updates, prompt optimisation, integration maintenance",
CONTENT — AI FINANCE PAGE,AI Finance (info page),TCAO item 6,"Compliance & Audit — regulatory reporting, audit logging infrastructure, legal review",
CONTENT — AI FINANCE PAGE,AI Finance (info page),ROI payback range,"Payback periods for well-scoped agent programmes typically range from 8 to 24 months.",
CONTENT — AI FINANCE PAGE,AI Finance (info page),Funding option 1,EU Horizon Europe & Digital Europe Programmes,
CONTENT — AI FINANCE PAGE,AI Finance (info page),Funding option 2,UK Innovate UK — Smart Grants and AI Adoption programmes for SMEs,
CONTENT — AI FINANCE PAGE,AI Finance (info page),Funding option 3,German KfW Digital Infrastructure — low-interest loans for digital transformation,
CONTENT — AI FINANCE PAGE,AI Finance (info page),Funding option 4,Internal Capital Reallocation from process automation savings,
CONTENT — AI FINANCE PAGE,AI Finance (info page),Funding option 5,AI-as-a-Service pricing — converting capital expenditure to operational expenditure,
CONTENT — AI FINANCE PAGE,AI Finance (info page),Closing CTA,Take the Finance Assessment below to receive a personalised investment and funding recommendation.,
,,,,
CONTENT — TOKENIZATION PAGE,Tokenization (info page),Title,AI Token Economics,
CONTENT — TOKENIZATION PAGE,Tokenization (info page),Example cost,"An agent processing 1,000 documents per day at current API pricing can cost €3,000–15,000 per month",
CONTENT — TOKENIZATION PAGE,Tokenization (info page),Framework item 1,Per-agent and per-workflow token budgets with hard ceilings,
CONTENT — TOKENIZATION PAGE,Tokenization (info page),Framework item 2,Model routing — automatically selecting the appropriate model tier for each task type,
CONTENT — TOKENIZATION PAGE,Tokenization (info page),Framework item 3,Context window management — intelligent compression of agent memory,
CONTENT — TOKENIZATION PAGE,Tokenization (info page),Framework item 4,Cost monitoring dashboards with alert thresholds,
CONTENT — TOKENIZATION PAGE,Tokenization (info page),Framework item 5,Monthly token spend analysis and optimisation recommendations,
CONTENT — TOKENIZATION PAGE,Tokenization (info page),Closing CTA,Take the Token Economics Assessment below to understand your current position and receive targeted recommendations.,
,,,,
CONTENT — ACADEMY,Academy,Title,AiGENTiA Academy,
CONTENT — ACADEMY,Academy,Intro,The AiGENTiA Academy delivers structured education for leadership teams; operational managers and practitioners preparing for the agent economy.,
CONTENT — ACADEMY,Academy,Programme 1,AI Leadership for Executives — strategic context; governance obligations and decision-making frameworks for C-suite and board,
CONTENT — ACADEMY,Academy,Programme 2,AI Agent Operations — practical skills for teams working alongside deployed agents,
CONTENT — ACADEMY,Academy,Programme 3,EU AI Act Compliance — regulatory obligations; risk classification and implementation roadmap,
CONTENT — ACADEMY,Academy,Programme 4,AI Governance Fundamentals — policy design; control frameworks and human oversight structures,
CONTENT — ACADEMY,Academy,Format description,"Delivered as in-person workshops, virtual intensives or ongoing retainer education. All programmes can be customised to sector context and organisational maturity level.",
,,,,
CONTENT — EVENTS,Events,Title,Events,
CONTENT — EVENTS,Events,Event 1,AI Readiness Workshops — Berlin and Online; Q3 2025,
CONTENT — EVENTS,Events,Event 2,Agent Economy Briefing — Online; Monthly,
CONTENT — EVENTS,Events,Event 3,EU AI Act Compliance Clinic — Frankfurt; Q4 2025,
CONTENT — EVENTS,Events,Event 4,Token Economics Masterclass — Online; Quarterly,
CONTENT — EVENTS,Events,Event 5,AI Governance Forum — Brussels; Q1 2026,
CONTENT — EVENTS,Events,Format note,"All events are small-format, invitation-only or limited-registration — designed for substantive dialogue rather than broadcast.",
CONTENT — EVENTS,Events,Advisory note,The AiGENTiA Advisory retainer includes standing access to all briefings and events as a standard component.,
CONTENT — EVENTS,Events,Registration CTA,Register interest: hello@aigentia.com,
,,,,
CONTENT — CALENDAR,Calendar,Title,Calendar & Events,
CONTENT — CALENDAR,Calendar,Event 1,AI Readiness Workshops — Berlin & Online; Q3 2025,
CONTENT — CALENDAR,Calendar,Event 2,Agent Economy Briefing — Online; Monthly,
CONTENT — CALENDAR,Calendar,Event 3,EU AI Act Compliance Clinic — Frankfurt; Q4 2025,
CONTENT — CALENDAR,Calendar,Event 4,Token Economics Masterclass — Online; Quarterly,
CONTENT — CALENDAR,Calendar,Contact CTA,Email: hello@aigentia.com,
,,,,
CONTACT PAGE,Contact Details,Email,hello@aigentia.com,
CONTACT PAGE,Contact Details,Website,aigentia.com,
CONTACT PAGE,Contact Details,Book a call link,https://calendly.com/aigentia/discovery-call,
CONTACT PAGE,Contact Details,Book a call label,calendly.com/aigentia/discovery-call,
CONTACT PAGE,Contact Details,LinkedIn URL,https://linkedin.com/company/aigentia,
CONTACT PAGE,Contact Details,Instagram URL,https://instagram.com/aigentia.official,
CONTACT PAGE,Contact Details,YouTube URL,https://youtube.com/@aigentia,
CONTACT PAGE,Contact Details,TikTok URL,https://tiktok.com/@aigentia,
CONTACT PAGE,Contact Form,Form title,Send a message,
CONTACT PAGE,Contact Form,Name field placeholder,Your name,
CONTACT PAGE,Contact Form,Email field placeholder,Your email,
CONTACT PAGE,Contact Form,Company field placeholder,Organisation (optional),
CONTACT PAGE,Contact Form,Message field placeholder,How can AiGENTiA help you?,
CONTACT PAGE,Contact Form,Submit button,Send Message,
CONTACT PAGE,Contact Form,Response note,We respond within one business day.,
,,,,
ASSESSMENT — READINESS,Assessment Header,Title,AI READINESS ASSESSMENT,
ASSESSMENT — READINESS,Assessment Header,Subtitle,Understand where your organisation stands before you move.,
ASSESSMENT — READINESS,Q1 — People & Culture,Question text,How would you describe AI literacy across your leadership team?,
ASSESSMENT — READINESS,Q1 — People & Culture,Option A,Limited awareness — AI is discussed but not understood,
ASSESSMENT — READINESS,Q1 — People & Culture,Option B,Growing interest — leadership is exploring and learning,
ASSESSMENT — READINESS,Q1 — People & Culture,Option C,Active engagement — leadership is informed and curious,
ASSESSMENT — READINESS,Q1 — People & Culture,Option D,AI-literate — leadership can evaluate and direct AI strategy,
ASSESSMENT — READINESS,Q2 — People & Culture,Question text,How ready is your organisation for the operational changes AI agents will require?,
ASSESSMENT — READINESS,Q2 — People & Culture,Option A,Resistant — significant cultural barriers to change,
ASSESSMENT — READINESS,Q2 — People & Culture,Option B,Cautious — open in principle; slow in practice,
ASSESSMENT — READINESS,Q2 — People & Culture,Option C,Receptive — change programmes are already underway,
ASSESSMENT — READINESS,Q2 — People & Culture,Option D,Agile — the organisation adapts readily and quickly,
ASSESSMENT — READINESS,Q3 — Process & Data,Question text,What proportion of your business-critical data is structured; accessible and clean?,
ASSESSMENT — READINESS,Q3 — Process & Data,Option A,"Less than 25% — data is siloed, inconsistent or inaccessible",
ASSESSMENT — READINESS,Q3 — Process & Data,Option B,25–50% — partial data governance in some areas,
ASSESSMENT — READINESS,Q3 — Process & Data,Option C,50–75% — most core data is structured and accessible,
ASSESSMENT — READINESS,Q3 — Process & Data,Option D,Over 75% — high data quality with strong governance,
ASSESSMENT — READINESS,Q4 — Process & Data,Question text,Which best describes your current level of process automation?,
ASSESSMENT — READINESS,Q4 — Process & Data,Option A,Primarily manual — most processes rely on human execution,
ASSESSMENT — READINESS,Q4 — Process & Data,Option B,Basic automation — some RPA or workflow tools in use,
ASSESSMENT — READINESS,Q4 — Process & Data,Option C,Significant automation — key workflows are automated,
ASSESSMENT — READINESS,Q4 — Process & Data,Option D,Advanced automation — complex processes run autonomously,
ASSESSMENT — READINESS,Q5 — Technology,Question text,How would you describe your current technology infrastructure?,
ASSESSMENT — READINESS,Q5 — Technology,Option A,"Legacy systems — limited APIs, difficult to integrate",
ASSESSMENT — READINESS,Q5 — Technology,Option B,Mixed — combination of modern and legacy platforms,
ASSESSMENT — READINESS,Q5 — Technology,Option C,Predominantly modern — cloud-present; API-accessible,
ASSESSMENT — READINESS,Q5 — Technology,Option D,Cloud-native — API-first; highly composable architecture,
ASSESSMENT — READINESS,Q6 — Technology,Question text,What is the current state of AI or ML tools within your organisation?,
ASSESSMENT — READINESS,Q6 — Technology,Option A,None deployed — AI is not yet operational in any function,
ASSESSMENT — READINESS,Q6 — Technology,Option B,Experimental — one or two pilots running in isolation,
ASSESSMENT — READINESS,Q6 — Technology,Option C,Several in use — AI tools active across multiple functions,
ASSESSMENT — READINESS,Q6 — Technology,Option D,AI is operational — embedded in core business processes,
ASSESSMENT — READINESS,Q7 — Governance,Question text,Does your organisation have formal AI governance policies?,
ASSESSMENT — READINESS,Q7 — Governance,Option A,None — no AI policies or oversight mechanisms exist,
ASSESSMENT — READINESS,Q7 — Governance,Option B,In development — governance is being drafted or discussed,
ASSESSMENT — READINESS,Q7 — Governance,Option C,Basic policies in place — informal controls and guidelines,
ASSESSMENT — READINESS,Q7 — Governance,Option D,Comprehensive framework — aligned to EU AI Act or ISO 42001,
ASSESSMENT — READINESS,Q8 — Governance,Question text,How does your leadership team approach AI risk?,
ASSESSMENT — READINESS,Q8 — Governance,Option A,Risk-averse — AI risk concerns are blocking progress,
ASSESSMENT — READINESS,Q8 — Governance,Option B,Cautious — decisions are slow; approvals difficult to obtain,
ASSESSMENT — READINESS,Q8 — Governance,Option C,Pragmatic — risk is managed without blocking innovation,
ASSESSMENT — READINESS,Q8 — Governance,Option D,Risk-intelligent — AI risk is a governance discipline; not a blocker,
ASSESSMENT — READINESS,Result Band 1 (score 8–14),Band name,Early Stage,
ASSESSMENT — READINESS,Result Band 1 (score 8–14),Summary,Your organisation is at the starting line.,
ASSESSMENT — READINESS,Result Band 1 (score 8–14),Detail,"Significant foundations need to be built before agent deployment is viable. The AiGENTiA AI Readiness Audit will produce a clear, prioritised roadmap — identifying the highest-impact investments and the blockers to address first. Beginning with assessment rather than implementation is the right move at this stage.",
ASSESSMENT — READINESS,Result Band 2 (score 15–22),Band name,Developing,
ASSESSMENT — READINESS,Result Band 2 (score 15–22),Summary,"Real foundations exist, but gaps remain.",
ASSESSMENT — READINESS,Result Band 2 (score 15–22),Detail,"Your organisation has genuine capability in some dimensions, but critical gaps in others. A full AI Readiness Audit will identify exactly where to invest for maximum impact. Agent Architecture & Design — building the blueprint before touching code — is the right next step once those gaps are mapped.",
ASSESSMENT — READINESS,Result Band 3 (score 23–28),Band name,Advanced,
ASSESSMENT — READINESS,Result Band 3 (score 23–28),Summary,Your organisation is positioned for structured deployment.,
ASSESSMENT — READINESS,Result Band 3 (score 23–28),Detail,"Strong foundations across most dimensions. The priority is now controlled, well-governed implementation — using the Assess→Design→Deploy methodology to ensure agents are deployed at the right scope and with the right oversight. An AI Governance & Safety framework should be established in parallel.",
ASSESSMENT — READINESS,Result Band 4 (score 29–32),Band name,AI-Ready,
ASSESSMENT — READINESS,Result Band 4 (score 29–32),Summary,Your organisation is primed for full agent deployment.,
ASSESSMENT — READINESS,Result Band 4 (score 29–32),Detail,"You have the people, data, infrastructure and governance posture to move with confidence. The focus is now architecture quality and performance management — ensuring the agents you deploy are well-designed, well-monitored, and continuously aligned with business objectives.",
,,,,
ASSESSMENT — FINANCE,Assessment Header,Title,AI FINANCE ASSESSMENT,
ASSESSMENT — FINANCE,Assessment Header,Subtitle,"Model your investment, identify funding, and set realistic expectations.",
ASSESSMENT — FINANCE,Q1 — Investment Capacity,Question text,What is your estimated annual budget for AI transformation?,
ASSESSMENT — FINANCE,Q1 — Investment Capacity,Option A,Under €50;000 — exploring with very limited budget,
ASSESSMENT — FINANCE,Q1 — Investment Capacity,Option B,€50;000–€250;000 — meaningful but constrained investment,
ASSESSMENT — FINANCE,Q1 — Investment Capacity,Option C,€250;000–€1;000;000 — dedicated programme budget,
ASSESSMENT — FINANCE,Q1 — Investment Capacity,Option D,Over €1;000;000 — substantial multi-year investment,
ASSESSMENT — FINANCE,Q2 — Investment Capacity,Question text,How is AI transformation currently funded in your organisation?,
ASSESSMENT — FINANCE,Q2 — Investment Capacity,Option A,No dedicated budget — funded ad hoc or not at all,
ASSESSMENT — FINANCE,Q2 — Investment Capacity,Option B,Internal capex only — no external funding explored,
ASSESSMENT — FINANCE,Q2 — Investment Capacity,Option C,Mix of capex and opex — some programme structure in place,
ASSESSMENT — FINANCE,Q2 — Investment Capacity,Option D,Multi-source strategy — grants; opex; reallocation all considered,
ASSESSMENT — FINANCE,Q3 — ROI Expectations,Question text,What is your target payback period for AI investment?,
ASSESSMENT — FINANCE,Q3 — ROI Expectations,Option A,Under 12 months — rapid ROI required to justify spend,
ASSESSMENT — FINANCE,Q3 — ROI Expectations,Option B,12–18 months — moderate time horizon acceptable,
ASSESSMENT — FINANCE,Q3 — ROI Expectations,Option C,18–36 months — strategic investment with medium-term return,
ASSESSMENT — FINANCE,Q3 — ROI Expectations,Option D,36+ months or flexible — long-term capability building,
ASSESSMENT — FINANCE,Q4 — ROI Expectations,Question text,What is your primary AI ROI objective?,
ASSESSMENT — FINANCE,Q4 — ROI Expectations,Option A,Cost reduction — automating processes; reducing operational spend,
ASSESSMENT — FINANCE,Q4 — ROI Expectations,Option B,Revenue enhancement — faster cycles; better customer experience,
ASSESSMENT — FINANCE,Q4 — ROI Expectations,Option C,Risk reduction — compliance; error reduction; audit costs,
ASSESSMENT — FINANCE,Q4 — ROI Expectations,Option D,All three — an integrated transformation programme,
ASSESSMENT — FINANCE,Q5 — Financial Readiness,Question text,Have you explored external funding mechanisms for AI transformation?,
ASSESSMENT — FINANCE,Q5 — Financial Readiness,Option A,Not at all — unaware of available programmes,
ASSESSMENT — FINANCE,Q5 — Financial Readiness,Option B,Aware but not pursued — know options exist; have not applied,
ASSESSMENT — FINANCE,Q5 — Financial Readiness,Option C,Currently exploring — applications in progress or planned,
ASSESSMENT — FINANCE,Q5 — Financial Readiness,Option D,Already benefiting — grants or loans secured and deployed,
ASSESSMENT — FINANCE,Result Band 1 (score 5–8),Band name,Constrained,
ASSESSMENT — FINANCE,Result Band 1 (score 5–8),Summary,Significant funding constraints identified.,
ASSESSMENT — FINANCE,Result Band 1 (score 5–8),Detail,"Your current budget and timeline expectations create real constraints for a comprehensive AI transformation programme. The good news: EU Horizon Europe, UK Innovate UK and German KfW programmes offer meaningful grant and loan funding for qualifying organisations. A Finance Assessment engagement will identify the funding mechanisms available to you and design a phased approach that works within your constraints.",
ASSESSMENT — FINANCE,Result Band 2 (score 9–13),Band name,Developing,
ASSESSMENT — FINANCE,Result Band 2 (score 9–13),Summary,Budget is available — structure and phasing are the priority.,
ASSESSMENT — FINANCE,Result Band 2 (score 9–13),Detail,"You have meaningful investment capacity, but the programme needs to be structured carefully to deliver ROI within your timeline. A phased approach — beginning with Assess and Design — maximises the return on early investment and builds the evidence base for subsequent phases. External funding programmes may also supplement your budget meaningfully.",
ASSESSMENT — FINANCE,Result Band 3 (score 14–17),Band name,Ready to Invest,
ASSESSMENT — FINANCE,Result Band 3 (score 14–17),Summary,Investment capacity supports a comprehensive programme.,
ASSESSMENT — FINANCE,Result Band 3 (score 14–17),Detail,"Your budget, timeline and ROI objectives are well-aligned for a full Assess→Design→Deploy engagement. The priority is ensuring investment is allocated correctly — front-loading governance and architecture before implementation to avoid the costly rework that comes from deploying without adequate design.",
ASSESSMENT — FINANCE,Result Band 4 (score 18–20),Band name,Strategic Investor,
ASSESSMENT — FINANCE,Result Band 4 (score 18–20),Summary,Full-scale transformation programme is viable.,
ASSESSMENT — FINANCE,Result Band 4 (score 18–20),Detail,"You have the investment capacity, strategic patience and multi-source funding approach for a comprehensive, multi-year AI transformation programme. The focus should be on governance infrastructure and programme management — ensuring that investment at this scale produces proportionate, measurable returns with appropriate oversight.",
,,,,
ASSESSMENT — TOKENIZATION,Assessment Header,Title,AI TOKEN ECONOMICS ASSESSMENT,
ASSESSMENT — TOKENIZATION,Assessment Header,Subtitle,Understand your token consumption and take control of AI operating costs.,
ASSESSMENT — TOKENIZATION,Q1 — Current Usage,Question text,Does your organisation currently use commercial AI APIs (OpenAI; Anthropic; Google; etc.)?,
ASSESSMENT — TOKENIZATION,Q1 — Current Usage,Option A,No — AI APIs are not yet in use,
ASSESSMENT — TOKENIZATION,Q1 — Current Usage,Option B,Experimental — used by individuals; not in workflows,
ASSESSMENT — TOKENIZATION,Q1 — Current Usage,Option C,Regular use — integrated into business workflows,
ASSESSMENT — TOKENIZATION,Q1 — Current Usage,Option D,Production scale — high-volume; mission-critical deployment,
ASSESSMENT — TOKENIZATION,Q2 — Current Usage,Question text,What is your current estimated monthly AI API spend?,
ASSESSMENT — TOKENIZATION,Q2 — Current Usage,Option A,Nothing yet — no current spend,
ASSESSMENT — TOKENIZATION,Q2 — Current Usage,Option B,Under €500/month — early exploration stage,
ASSESSMENT — TOKENIZATION,Q2 — Current Usage,Option C,€500–€5;000/month — meaningful but manageable costs,
ASSESSMENT — TOKENIZATION,Q2 — Current Usage,Option D,Over €5;000/month — significant operational cost line,
ASSESSMENT — TOKENIZATION,Q3 — Cost Visibility,Question text,How much visibility does your organisation have into AI API costs?,
ASSESSMENT — TOKENIZATION,Q3 — Cost Visibility,Option A,No visibility — costs are unknown or unchecked,
ASSESSMENT — TOKENIZATION,Q3 — Cost Visibility,Option B,Basic billing review — someone checks invoices periodically,
ASSESSMENT — TOKENIZATION,Q3 — Cost Visibility,Option C,Tracked but not optimised — costs are monitored but not managed,
ASSESSMENT — TOKENIZATION,Q3 — Cost Visibility,Option D,Fully monitored — dashboards; alerts and optimisation in place,
ASSESSMENT — TOKENIZATION,Q4 — Token Governance,Question text,Do you have per-agent or per-workflow token budgets defined?,
ASSESSMENT — TOKENIZATION,Q4 — Token Governance,Option A,No concept of token budgets — never been addressed,
ASSESSMENT — TOKENIZATION,Q4 — Token Governance,Option B,Aware of the concept — not yet implemented,
ASSESSMENT — TOKENIZATION,Q4 — Token Governance,Option C,Partially implemented — token budgets in some areas,
ASSESSMENT — TOKENIZATION,Q4 — Token Governance,Option D,"Full token governance — hard limits, routing and alerts in place",
ASSESSMENT — TOKENIZATION,Q5 — Model Strategy,Question text,How does your organisation currently select AI models for different tasks?,
ASSESSMENT — TOKENIZATION,Q5 — Model Strategy,Option A,Use only one model — the same model for everything,
ASSESSMENT — TOKENIZATION,Q5 — Model Strategy,Option B,By familiarity — use what the team already knows,
ASSESSMENT — TOKENIZATION,Q5 — Model Strategy,Option C,Basic comparison — some performance evaluation before selection,
ASSESSMENT — TOKENIZATION,Q5 — Model Strategy,Option D,Cost-performance routing — right model for each task type,
ASSESSMENT — TOKENIZATION,Result Band 1 (score 5–8),Band name,Unaware,
ASSESSMENT — TOKENIZATION,Result Band 1 (score 5–8),Summary,Token economics is a blind spot.,
ASSESSMENT — TOKENIZATION,Result Band 1 (score 5–8),Detail,"As you begin AI adoption, establishing cost visibility from day one will prevent significant overspend at scale. Organisations that start without token governance consistently discover unexpected cost escalation when usage grows. The AiGENTiA AI Readiness Assessment includes a token economics framework as a standard component.",
ASSESSMENT — TOKENIZATION,Result Band 2 (score 9–13),Band name,Aware,
ASSESSMENT — TOKENIZATION,Result Band 2 (score 9–13),Summary,Awareness exists — governance does not.,
ASSESSMENT — TOKENIZATION,Result Band 2 (score 9–13),Detail,"You understand that token costs matter but have not yet built the structures to control them. This is a common inflection point: organisations in this position often see costs spike significantly when usage scales. An Agent Operating System with built-in resource management is the most effective intervention — establishing token budgets, model routing and cost alerts before scale creates pressure.",
ASSESSMENT — TOKENIZATION,Result Band 3 (score 14–17),Band name,Managing,
ASSESSMENT — TOKENIZATION,Result Band 3 (score 14–17),Summary,Active management in place — optimisation is the next step.,
ASSESSMENT — TOKENIZATION,Result Band 3 (score 14–17),Detail,"You are monitoring costs and have some control mechanisms in place. The opportunity now is optimisation: intelligent model routing (matching each task to the right model tier), context window compression and usage pattern analysis.",
ASSESSMENT — TOKENIZATION,Result Band 4 (score 18–20),Band name,Optimised,
ASSESSMENT — TOKENIZATION,Result Band 4 (score 18–20),Summary,Strong token governance in place.,
ASSESSMENT — TOKENIZATION,Result Band 4 (score 18–20),Detail,"You have built the cost visibility and control structures that most organisations lack. The focus now is strategic: ensuring your model portfolio evolves with the landscape (new models, new pricing structures, open-source alternatives) and that governance scales as agent deployment grows.",
